date,y1,y2,y3
2020-01-01,0.0914151239263294,1.4899992101785766,-0.31636568589745595
2020-01-02,0.5036174237436297,1.4232138232827094,-0.29878504513009796
2020-01-03,1.5927144997783547,1.8190448947863858,0.631196190875715
2020-01-04,1.8541856114337014,2.343084985198143,0.6495262925404821
2020-01-05,0.9854885089963794,1.9780773681964436,-0.3848382229453139
2020-01-06,1.2199454876535212,2.1132352152348766,1.483695101222168
2020-01-07,1.885558952856474,2.2551345179984272,0.7009090102905395
2020-01-08,2.1283673033484622,1.7288268454034732,0.02496574964361431
2020-01-09,2.506576298573934,2.041122134186119,1.6357663963423303
2020-01-10,2.235925687032653,1.6059027774513384,1.2078181131534307
2020-01-11,2.3894859206961794,0.7006942962777405,-0.18235907133598883
2020-01-12,1.832144990939082,1.375690368604754,1.8495438485623228
2020-01-13,1.2156632994182002,0.17543731684251654,0.9433863596903136
2020-01-14,1.4392796304597832,-0.5895319121376588,0.3312520335231078
2020-01-15,1.4139820910968681,-0.6798668736593844,1.293482516589453
2020-01-16,1.2320578867125471,-1.0098060242023512,0.12650844868074884
2020-01-17,1.6294052919933952,-0.8036967617510602,-0.16998750522702966
2020-01-18,1.0123309709023949,-1.2703269805312427,-0.7705993956760324
2020-01-19,1.2507798784627586,-1.4566241403470712,-0.044932894319023475
2020-01-20,0.8119316781888142,-1.2845984402677662,-0.2418937832551294
2020-01-21,0.907379202534156,-1.4721023764823082,-0.6625442251047529
2020-01-22,1.1114420803822054,-1.485921315051959,-1.292835660743445
2020-01-23,1.9959723017927542,-1.2980657641892002,-0.682666618378367
2020-01-24,1.6032056900817573,-1.2089922254408172,-0.8214766663281152
2020-01-25,1.176566829162823,-2.256082296607184,-1.6702772361500635
2020-01-26,0.6458064392065085,-1.4989043350248084,-1.698088968954481
2020-01-27,0.40990033670078924,-2.097557094963475,-0.17290849521507667
2020-01-28,0.08173444749226023,-1.0831383993889607,-2.2645500223701607
2020-01-29,-0.002201120056580963,-0.9301198221733894,-0.15360194558775814
2020-01-30,-0.129314858813896,-0.3510475836707986,-0.4719874930818843
2020-01-31,0.006894940548922923,-0.1068035836145429,0.9457726248159362
2020-02-01,-1.4096788166256955,-0.5629787072680622,-0.1480983937535062
2020-02-02,-2.178481001754041,-0.8296802154076872,0.819028264436967
2020-02-03,-2.8049724298510808,-0.42152538044824994,0.2253885129675242
2020-02-04,-2.528438084182725,-0.6987937592392692,0.7081395678222159
2020-02-05,-2.1884213447740404,-0.369674602480383,1.2436058946715867
2020-02-06,-2.2668713588027516,0.06622658269611426,0.4730562116089168
2020-02-07,-2.32034283057253,-0.5161458021370364,1.5302059354435014
2020-02-08,-2.35007252775087,0.0647464156897572,0.13802900232008064
2020-02-09,-1.9951637562569478,0.10988322430615888,1.0060602028269883
2020-02-10,-1.8691079461020041,-0.4714285785806921,1.3786681289790483
2020-02-11,-1.5072268219277374,0.42183461967993474,1.0975421046351506
2020-02-12,-1.2080805613566605,0.44305841493398634,1.853739615548766
2020-02-13,-0.2964319001443939,0.44906920411322493,-0.16601820765682151
2020-02-14,0.03672790879369304,0.28321670718314695,-0.7550751232898028
2020-02-15,0.08858957008078101,0.40249760986721783,-0.6510345759465833
2020-02-16,0.1152130025701251,0.702080184388895,0.3419804439296991
2020-02-17,-0.17692801010972298,1.2684350490754897,0.07015673952792467
2020-02-18,0.10378990343862429,0.8931409557871511,-0.3506485400807873
2020-02-19,0.2618208492180172,1.651236146503454,-1.3315857947569056
2020-02-20,0.6494684125942068,1.200718050337774,-0.1060132176972085
2020-02-21,0.8378105042529439,1.7834301261330316,-1.5671385573915009
2020-02-22,0.023558322186053082,1.8933197963114874,0.06764719136921116
2020-02-23,0.08458064931518491,2.902132147810435,1.257589379903287
2020-02-24,-0.05842082599326093,1.3693673892598683,-0.4503294104360377
2020-02-25,0.14617455712473068,2.5048914115042766,-0.22964462806713049
2020-02-26,0.8057063234532483,1.9850618923019796,
2020-02-27,1.9400278764091485,2.1149812837280066,-1.68037752659475
2020-02-28,1.638649479334808,1.7557730112036092,-0.6892928685817953
2020-02-29,2.321477511456547,1.7450892370096587,-0.8723560214233319
2020-03-01,1.5236986054585444,,-0.9529032034905128
2020-03-02,2.026351423088874,1.5095194895357085,1.432981312051161
2020-03-03,2.5123749852348105,0.48765350952788744,0.57839307707868
2020-03-04,3.134133751764284,0.8796281722037884,0.7990095082637667
2020-03-05,3.5715202814185676,-0.09596550936181875,0.44220020474454014
2020-03-06,3.6550883680230144,-0.16203412629496697,0.6368105653171447
2020-03-07,2.969435291940654,-0.9523466101380736,1.502030690603656
2020-03-08,2.3586104130575967,-0.6768353738504592,0.8399815332079678
2020-03-09,2.218676286889973,-0.4986565092561396,1.2351032729119316
2020-03-10,1.591183916905637,-1.3465338625815766,0.692642204544612
2020-03-11,1.14286460758357,-1.5514839896835413,0.5233132995151184
2020-03-12,1.0440401814896378,-1.9682975333707293,-0.31932405553938803
2020-03-13,0.7401563826076243,-1.6420865964193698,-0.8421961418230107
2020-03-14,0.5378678976929102,-2.152364465388651,0.2152959837141598
2020-03-15,-0.2710045207333678,-1.8951878570681655,0.27987703704947037
2020-03-16,-0.6078255586523975,-1.350459415354206,-0.8252910256961531
2020-03-17,-1.0724200670529025,-0.8202158506341822,-0.11446175817844956
2020-03-18,-0.7120314625066511,0.007057087883886037,-0.21076252036728743
2020-03-19,-0.3160675960259214,-1.1099806387074136,-1.9014338060755434
2020-03-20,-0.5185537407467309,-0.15352626321841967,-1.1561031220175666
2020-03-21,-0.46498443767069864,-0.45513825527527535,-0.32773559741272235
2020-03-22,-1.089011894324435,-0.5564877469223712,-0.4089041024591021
2020-03-23,-1.1596856025598512,-0.2036786938793398,-1.521189957774451
2020-03-24,-1.0536962166907824,-0.2281318000205162,-0.6017038809448042
2020-03-25,-0.9875607855726298,-0.11233681927314229,0.03883984471620738
2020-03-26,-0.21828869536741927,-0.136930909622718,-0.063869251733922
2020-03-27,-0.5245788256093413,-0.5261279280287221,-0.5752159112916706
2020-03-28,-0.7365381300912502,-0.5729166396779083,-0.7108116211609836
2020-03-29,-1.1151547529978059,0.2890105795182072,-0.6779304534947955
2020-03-30,-1.5283727180211661,-0.10173870346968003,0.25014449538255373
2020-03-31,-1.5652300928856835,-0.18236573360838224,0.22657278120002103
2020-04-01,-1.631413345784827,0.11705124050367224,0.697912156925748
2020-04-02,-1.513140953464045,0.5358457191355261,0.5097009836454451
2020-04-03,-1.3571843794507255,0.42133155447877113,1.1363629670771873
2020-04-04,-1.992586259433885,0.12132699050368473,0.7547306334523057
2020-04-05,-2.1082577419588975,1.0071701027510738,1.337102424319732
2020-04-06,-2.0311336098186055,1.3268674244844467,1.46642115229277
2020-04-07,-1.5103693421369748,1.1492037260837589,0.32944887513724896
2020-04-08,-0.3576757081466633,1.6956365855475528,-0.37208331651490323
2020-04-09,0.03820881375062907,2.039473440460923,1.9402902122463104
2020-04-10,0.7765223986609109,2.2685180863609413,0.972481434526134
2020-04-11,1.5662020476114058,2.3199559622573886,-0.5046242664653684
2020-04-12,1.197175289198235,2.3648420583636645,0.07255455378088133
2020-04-13,1.7297462065367084,2.478719152708697,0.9687013191195224
2020-04-14,1.6515346642493811,1.837851905185594,0.07455557086118125
2020-04-15,2.4389392372246577,2.6402895496670467,-0.2534429935233883
2020-04-16,2.687665401407537,1.7650931999495887,0.9202879495648689
2020-04-17,3.0115013231540995,1.8933937514833408,-0.951490316929306
2020-04-18,3.1245299897222516,2.552741949529681,-0.9209355522623617
2020-04-19,1.9101180778272768,1.9415826597648564,-0.33754532784812635
2020-04-20,2.1924689607813335,1.9600263029294513,-0.309501870589834
2020-04-21,2.030948993669895,0.9199192990649597,-0.3024050889976107
2020-04-22,,0.21862322316887484,-0.04575088509635594
2020-04-23,1.7927550980272582,0.2293526664434014,-0.5436124818175571
2020-04-24,2.1853393056081467,0.09466671124806217,-0.3042764557792368
2020-04-25,1.6918187155181879,-0.3008283490741758,-0.759266804548109
2020-04-26,1.525058259655305,-0.18674595256210713,-0.4346270481162148
2020-04-27,1.2430267342883758,-1.070690583806228,-0.27795427579643506
2020-04-28,1.8285993581266597,-0.8944046426200777,-0.05682061938731478
2020-04-29,1.6450739281155076,-1.602958748745595,0.4934485126537233
2020-04-30,1.781253849785597,-1.0968444126541472,0.508601977361378
2020-05-01,2.2594747990630117,-1.238892135433298,0.3182812546843358
2020-05-02,2.0560298080418904,-1.5529138564971139,-0.11899887499808925
2020-05-03,1.9937961467547798,-1.2911892690107005,0.6405980824778745
2020-05-04,1.4920738890663787,-1.239245199516763,0.6989034109548928
2020-05-05,1.2193287247576425,-1.175162743021195,0.9530474288967888
2020-05-06,1.5791696132733797,-0.14154618077472292,2.431412928034404
2020-05-07,0.7409374978606078,-0.8380603134759786,0.5559765713157541
2020-05-08,0.5720248015124276,-0.7396911891192339,
2020-05-09,-0.17571303947810282,-1.4152006037303586,1.637768660107132
2020-05-10,-0.816066941178693,-0.8629845637539246,0.8914216628971203
2020-05-11,-1.7642848164969585,-0.6025089963322406,2.3620074438024306
2020-05-12,-1.4734419963284495,-0.5981210041057445,0.3376006976219456
2020-05-13,-1.7375362556336202,0.29720863801719316,0.6852517700846731
2020-05-14,-2.0290086133317473,-0.27868739384038493,-0.25883466877087813
2020-05-15,-1.9418155920798386,0.3832510207283877,-0.11106731460030428
2020-05-16,-1.7778120646114226,,0.143924384623453
2020-05-17,-1.8803825776352108,-0.012152091232038047,0.4040235291547697
2020-05-18,-1.5672335560557134,0.024382226662030416,-0.10886181801747591
2020-05-19,-0.955361950142354,0.19641144839501076,0.42586453415239967
2020-05-20,-1.077790202607512,0.9167038110157539,-0.6192960404424203
2020-05-21,-0.8415693524544381,-0.5957187018865184,-0.8523631839234264
2020-05-22,-0.7580703685167118,-0.3694848920640939,1.239172058800952
2020-05-23,0.07505404429855185,0.44675340840815936,-0.3766511616851971
2020-05-24,-0.30568482306137407,0.7425953333909757,-1.1204822952211064
2020-05-25,-0.16514884751158132,1.184161024564196,-1.0338049566012004
2020-05-26,0.030976232127531866,1.2937445787947044,-1.108391800553855
2020-05-27,0.6037272242056881,1.214797183753791,0.3323703472657721
2020-05-28,1.3453750897277752,2.06924627798779,-0.43245341948590943
2020-05-29,1.1786328634776835,2.225831210455549,0.07182438030533059
2020-05-30,0.8759630445354266,2.0050175891889395,0.10554392789321093
2020-05-31,0.2742032501338832,2.365579500785447,0.8293740382128589
2020-06-01,-0.10522447578830785,2.1392013801585796,-0.11533155055817568
2020-06-02,0.39541054416018506,1.9461113633004647,-0.12967239846613066
2020-06-03,0.9565273699218145,2.5516626164552787,0.9055239754090295
2020-06-04,1.993682071646122,2.4374569611179036,1.2684918223174777
2020-06-05,1.8173025201358475,2.2774002949112533,1.1496178322044712
2020-06-06,2.147188239005559,2.770767999786915,0.38599990592648936
2020-06-07,1.685085473961281,0.935050393626263,1.4278569057585944
2020-06-08,1.6119862146342414,1.0937011471443912,0.39914256406917836
2020-06-09,2.0998454109333804,0.9763452840281659,0.4877432716770842
2020-06-10,2.799220277596604,1.0985254861013658,0.09474839307651528
2020-06-11,4.227555171408274,1.0256757272373875,1.543039045890401
2020-06-12,3.601822213461916,0.09395735347752365,0.9317843931797847
2020-06-13,3.970519971261428,0.027568079275499424,0.7538247156294235
2020-06-14,3.0826813835171833,-0.36813110681974515,1.0380479947997192
2020-06-15,3.290000056957703,0.7074927623609255,1.968525121112896
2020-06-16,2.9736221433485324,0.1541036766530296,-1.3548475871977521
2020-06-17,2.804263318088128,-0.953568604420889,-0.8190918084479533
2020-06-18,2.761811642503914,-1.0854305479362127,-0.8568384193040819
2020-06-19,2.2191053608288582,-1.5709751960905018,-1.1183940586954364
2020-06-20,1.8786689087951252,-1.9605086043378424,-1.3441534863587203
2020-06-21,0.8159723637861279,-1.3857492123850814,-0.8333746611333743
2020-06-22,-0.04248671517314201,-1.8014407467275597,-1.4742401169972024
2020-06-23,-0.33629261119060855,-1.373770088614028,-0.3523155557599339
2020-06-24,0.1267763753166336,-1.7710658833199013,-0.48163149802752353
2020-06-25,0.6549482897456034,-1.1935056595350684,-0.08179579504736006
2020-06-26,0.17837527911508944,-0.7236154072435198,0.06218171431279962
2020-06-27,-0.17851530938927895,-0.5082299225699802,0.2747154829380357
2020-06-28,-0.40352659746964653,-0.343403470888228,-0.24871560843092716
2020-06-29,-0.2737411469456281,-0.8521483474899894,1.664800381843566
2020-06-30,-0.46379845893547583,0.13966761913874706,0.5114311341916756
2020-07-01,-0.28407645296773,-0.36545978077172325,-0.7963500123767157
2020-07-02,0.518176950501108,0.43602574742920325,-0.048434820202376994
2020-07-03,0.3897892045153006,0.24585191834788012,-0.4398362319375575
2020-07-04,0.4571672606555192,-0.22283425071978896,0.889954563433465
2020-07-05,-0.3923124529016962,0.12647680996448968,0.861581556198789
2020-07-06,-1.1711517357454664,0.32548689730829994,0.6547195277649982
2020-07-07,-1.3090056077834809,0.4438211501777052,2.3912657949749785
2020-07-08,-0.2770825262880383,0.340239702346807,1.33413322488996
2020-07-09,-0.1222807233681058,1.0852237879221422,1.391089176039984
2020-07-10,-0.765752299544046,0.8465024551451512,0.1337644188224446
2020-07-11,-1.1402867535317802,0.37113930139921353,-0.037173222097729
2020-07-12,-0.9583602890258978,0.9090583156867117,0.5441531638285088
2020-07-13,-1.882024294379273,1.373850653993538,0.48143435041077054
2020-07-14,-1.5817212032589145,1.5798272416097014,-1.1044180969801158
2020-07-15,-0.5513545228328482,0.625960134010658,-0.09654426864887819
2020-07-16,-0.20411164473999044,0.9767064741013018,-0.11853885644918476
2020-07-17,0.4108266286930209,2.215414046229412,-0.4228326178737677
2020-07-18,0.6216405634611046,1.4068917838569144,-0.9648891490245886
2020-07-19,0.9277188689926553,1.5101413770322254,-0.8704949503723493
2020-07-20,1.5351534561499496,2.075181350413502,-0.6836466485370806
2020-07-21,1.6920508552469977,2.567825258230858,-0.530057499767585
2020-07-22,2.59164433885237,2.5591809605730074,-0.16926340850922145
2020-07-23,2.4420335239174538,2.3351363557923857,0.19975413042948653
2020-07-24,3.3759261488786394,2.430863338981506,-0.693863729496626
2020-07-25,3.0805238394526695,2.2814127283418983,-0.7078251976626693
2020-07-26,2.6840426672774345,2.0103108836882893,0.043130769640032485
2020-07-27,2.545467177886654,3.057109651541529,0.31020212702696004
2020-07-28,2.6888980752345453,2.0413160227724867,-0.26126965593542406
2020-07-29,3.2268837952971126,2.0749328339943696,0.7632754338763191
2020-07-30,2.687175683622759,1.1313920687852426,1.0630390914633883
2020-07-31,2.984985867673617,0.9667509287091727,1.4415698404217117
2020-08-01,2.442142527003544,0.33751406706983605,1.9280528365378553
2020-08-02,2.001873864465652,-0.834348957787226,0.20202456332030594
2020-08-03,2.0879692153089597,-0.624204971380705,0.9175490695603076
2020-08-04,1.977510930009881,-1.0965977155037545,0.9847396006691844
2020-08-05,2.5276616877368916,-1.4334006819682115,0.9439660183218628
2020-08-06,2.427179172929831,-1.2235750488400101,0.559133472567524
2020-08-07,2.3980689977289407,-0.3645763567770868,-0.06004818922562749
2020-08-08,2.381966355167828,-1.0046389151460804,0.9776959352478525
2020-08-09,2.214916485437728,-0.5305937976228758,0.27766689869837835
2020-08-10,1.9794781498667118,-0.9000782391492331,0.7524236383573172
2020-08-11,1.6215443551724427,-0.7396717625920455,-0.007441164728556715
2020-08-12,2.1586586146530906,-1.2259459901944965,-0.3794314894368318
2020-08-13,2.3062010920288825,-0.49448945451860066,0.3890088522638327
2020-08-14,2.785392122040425,-0.17766360773700435,0.165315716110343
2020-08-15,2.0214407002017936,-0.6372653490951292,0.30710806546401515
2020-08-16,0.44445259564996886,-0.23745242768120656,1.2878764346583604
2020-08-17,-0.04747992604094037,-0.13051015024079973,-0.17141318853431856
2020-08-18,-0.7773356981232677,-0.5193129849558493,-0.12326308608266046
2020-08-19,-0.6385199115463807,-0.5775222637155075,-1.284138143243251
2020-08-20,-0.44384059332124426,-0.4429910559433161,-1.464452724670081
2020-08-21,-0.4191421953647868,0.17688692647498377,0.5453630964467144
2020-08-22,-1.4456709736442235,0.20559230978695675,-1.1732810589894358
2020-08-23,-1.896910460257668,-0.24240124140875374,-1.1885811730556006
2020-08-24,-2.579577588287827,0.035500258019484615,-0.3858851052335023
2020-08-25,-1.8197994215071926,0.410259062073927,-0.2963628911981539
2020-08-26,-1.5950059822484044,0.5030112276842463,-0.7191438689709475
2020-08-27,-0.8628873321799578,1.0295161884897803,-0.1408106057533799
2020-08-28,-0.5752001011678562,1.015366657890974,1.1005630023550657
2020-08-29,-0.21216578006082898,0.22601955157039444,-0.15686617352805143
2020-08-30,-0.7092996622240648,1.3118834954704832,-0.40818142459567963
2020-08-31,-0.5088976285416456,0.5640383880822888,1.373043736463834
2020-09-01,0.9377925418000215,1.5412549103269282,1.1831236987385387
2020-09-02,0.4632027210328364,1.2295666403606882,0.5034572885734866
2020-09-03,1.0110347842835048,1.2866587310243225,-0.10067169825272027
2020-09-04,2.0870097134997234,1.0679091783901455,0.5213811667876244
2020-09-05,2.257922073923413,1.9298850442338855,1.0053244105001293
2020-09-06,0.7165236440767226,1.320683372162063,1.8258156759547974
2020-09-07,0.7495541480908647,2.499352816550733,0.21721294061879282
2020-09-08,1.0481869439235925,2.903331088714869,0.7863519433238819
2020-09-09,1.8057608658174042,2.198026680307911,1.1948294637604084
2020-09-10,1.3707109793281396,2.6377879362965198,-1.0884978236247034
2020-09-11,1.789049946257404,2.307257658502425,1.1439796702114369
2020-09-12,2.0573252730504974,2.3513643002423708,-0.5727154005445072
2020-09-13,1.8451253255142215,2.7908356585623606,0.32206749276565017
2020-09-14,1.6759949038098634,2.295492265894361,0.10428889026688304
2020-09-15,2.1555481668280216,2.8818278657447145,0.5469822721907143
2020-09-16,2.4449717669210647,1.792829656570075,0.050131206243563375
2020-09-17,3.4433935023851077,2.25244020128547,-2.096923667238535
2020-09-18,3.8268430148273724,1.6369385208966176,-1.0491906860453155
2020-09-19,4.019486121225424,1.6146198415140667,-0.4368739257473229
2020-09-20,3.6181153910637707,0.7204685262950243,-0.6691034365784693
2020-09-21,3.7969101063843107,0.5757662774476121,-0.16251770220638412
2020-09-22,4.018195184949038,0.27033308308487136,0.12473626594124232
2020-09-23,3.9471281162687024,-0.3113305115110953,0.09740035511886008
2020-09-24,4.0891289620109585,0.0655655341862369,-0.3532206616221079
2020-09-25,3.757172456531654,-0.18583286434915408,-1.3498252222449796
2020-09-26,3.134886620931796,-0.4466141070870835,-0.2161662268525822
2020-09-27,2.135549598875085,-0.3090406999411919,0.5614577036972668
2020-09-28,1.7762708663327456,-0.4328782249225709,-0.3259837241311331
2020-09-29,1.2841023310241177,-1.2187555186756254,1.0392816255457438
2020-09-30,1.8431166715089282,-0.7702385180539628,1.3791035099210927
2020-10-01,1.6445603178222656,-1.0921422123005717,0.9573227437890065
2020-10-02,1.0807251306396755,-0.7785491039582237,-1.1768255833911274
2020-10-03,0.31312465257386324,-0.9798892014342684,0.14218335913786007
2020-10-04,-0.26687030707171566,-0.001824959638253243,2.392949927283876
2020-10-05,0.1508944138505932,-0.2598230430603896,0.6910410611747541
2020-10-06,-0.04962876914646237,-0.3445192313783254,-0.3490550431541726
2020-10-07,0.36847251643253265,0.4498267244221001,1.8374934948447434
2020-10-08,0.07247618053753224,-0.7900116409126915,0.8848647744624883
2020-10-09,1.00740442562258,-0.4572940082885528,1.5256865441043879
2020-10-10,0.6834373416072582,0.7260071023401178,0.8022603871141967
2020-10-11,-0.135491592867281,0.3955026486347214,0.7713207480027257
2020-10-12,-0.20854163969802347,0.5280429339626644,0.5391064734001607
2020-10-13,-0.007346720101508358,-0.019857689610425333,0.6079124656904906
2020-10-14,0.10190017815027796,0.561005703227008,1.5558119995286313
2020-10-15,0.13925598222358057,1.4172780006494614,0.49747623333745467
2020-10-16,0.08656377849552188,0.9808616549604533,-1.4117533828737892
2020-10-17,-0.35415275040534155,0.70561404568326,-0.0901572623323158
2020-10-18,-0.7296524424482709,0.4732915612729186,0.32919132463613093
2020-10-19,-0.6474076258127839,0.5899036763692059,0.3382730482806837
2020-10-20,-1.8059702063181422,-0.16981105244191053,-0.8012410044359888
2020-10-21,-0.7309945042464016,1.0760438968066615,0.3486158985955658
2020-10-22,-0.13488418518599035,1.5508521974001743,0.2515993566582921
2020-10-23,0.2344168005393084,0.804778053977238,1.5022463454968955
2020-10-24,0.16351642038131903,1.3378971714096366,-0.698229417207936
2020-10-25,-0.1781780065542775,1.270109983355407,-0.38256971794094136
2020-10-26,0.7055474176129373,1.6566497543912382,-0.08161268657617807
2020-10-27,1.7054724712620224,2.377213521418062,-0.04315550502714466
2020-10-28,1.542721641153707,1.6370333684482936,-0.15568517218031552
2020-10-29,3.049488973260347,3.0490584674858514,-1.3064835395109853
2020-10-30,3.189876298805169,3.1914164651838375,0.4689385702277808
2020-10-31,3.399508753137918,2.8385420531229273,1.1570665021718458
2020-11-01,3.011147455726738,1.8535481157047062,0.652565031173415
2020-11-02,3.1696314083140122,2.3811462390352247,2.421612041506501
2020-11-03,3.8005208664740113,3.222747238672427,1.111980585195723
2020-11-04,3.873680625434326,1.4324908054718268,2.007337854923514
2020-11-05,4.434293775042193,2.2451115843920055,1.2528395019471024
2020-11-06,4.195307764156349,1.5934924961744572,1.5813054399528335
2020-11-07,3.5776404052833306,1.9824208849158336,1.1009849481354108
2020-11-08,3.4354521172258847,1.0386579561590588,1.7403774441664739
2020-11-09,2.6555666441053507,1.0165308854775046,0.6775468595533217
2020-11-10,2.7093931484731595,0.7586464364492288,0.8276138483163575
2020-11-11,2.5881417465298915,0.936514954933582,0.5714330535550298
2020-11-12,2.961505229640894,-0.10592787603709927,-0.052129173343332336
2020-11-13,2.807186273386722,-0.14114073509105485,0.2750983087866311
2020-11-14,3.1312269597430733,-1.0338464827497609,1.411842170504396
2020-11-15,2.1898360337759453,-0.24962814780518983,-0.4647937198487202
2020-11-16,2.620304442437516,-1.0553172742024308,-0.07919489803027424
2020-11-17,2.4457930334646334,-1.0364894859824072,0.4406000525724885
2020-11-18,3.1678514352435254,-0.6951143950427466,0.32455978036637784
2020-11-19,3.297586659436257,-1.2264426853744794,-0.4644160238910634
2020-11-20,3.567676692331511,-0.362726468849332,-2.105217305106277
2020-11-21,2.817785902988634,-0.040345605381706784,-0.006128349973625213
2020-11-22,1.4950131735645524,-0.3455326142392124,-1.8221478414180523
2020-11-23,1.3747767044280583,-0.9391650572391981,0.8857278598248838
2020-11-24,0.7096443456989885,-0.27101353115218996,0.12124239537463334
2020-11-25,0.7732222945866523,0.2629316406152064,0.8624424612561873
2020-11-26,1.2405306183853018,-0.5480074954139076,-0.3014777967267436
2020-11-27,0.6199235007847059,-0.1695547844845366,-0.5894258786558372
2020-11-28,-0.3873803203121707,0.5897467593999648,0.8399173833594621
2020-11-29,-1.148538152083116,0.3409134898775612,0.7797057938646751
2020-11-30,-1.2806358549780175,0.464332262921865,0.5844372820719044
2020-12-01,-1.7048136703918626,1.0472215323036056,1.087083219540484
2020-12-02,-1.246761797712481,0.6122096014778292,3.0340503374587042
2020-12-03,-0.5519316179039346,0.8353796223322921,1.716785399452959
2020-12-04,-0.03971688298578152,1.7733265175948507,1.8682665403989418
2020-12-05,-0.16060615964297079,0.6285844930851355,1.690601037123475
2020-12-06,-1.063053380816765,0.3122432276170235,2.068443823724085
2020-12-07,-0.15610165559574618,1.006064302641621,0.8024656893514
2020-12-08,0.2004498298125021,1.1505078472163142,-0.6261047135387205
2020-12-09,0.945354195560205,0.9838806067413719,0.5363790213564293
2020-12-10,1.909346498661309,1.056080071052407,1.0785443496517646
2020-12-11,1.1204291772463628,2.4248937272083175,-0.3338602765805577
2020-12-12,1.5235603329223868,1.8591347028581455,0.05621448200326537
2020-12-13,1.6496828913215875,1.6324747464125724,-0.4626281345622563
2020-12-14,0.8483989427953536,2.3534544995630498,0.9291922744562147
2020-12-15,1.8715992498001799,2.274039946518296,0.2791040504026801
2020-12-16,1.8605069838101642,2.3779234690443816,0.11325811142322628
2020-12-17,2.3251606603688755,2.9130692320917557,0.025275706148556898
2020-12-18,2.0058396389119344,2.2300499846980877,-0.46969199308110665
2020-12-19,2.2717181125062753,2.993201590832399,
2020-12-20,2.1196501063169895,3.6121862144072536,-1.236474419408744
2020-12-21,1.830462745753359,2.9551998780814444,-1.8683297081529517
2020-12-22,2.1458366736436574,2.575659637722242,-0.13345906914039501
2020-12-23,2.7599158618361175,2.4706536021643783,0.11356497755651832
2020-12-24,3.062156662735453,2.3578239340203813,0.8790958834371201
2020-12-25,3.703153070232696,2.2728647723288917,1.2926057186034465
2020-12-26,3.829909768501623,1.9595604951098438,1.4589989394992604
2020-12-27,3.958252760616364,2.1842091940116815,-0.17128716265151944
2020-12-28,4.186257767890882,0.8280407433326001,0.4408037899958013
2020-12-29,3.8279736347757645,1.475610345948657,1.1694622089509445
2020-12-30,4.5079170053976085,0.7503662372632349,2.7308491348014403
2020-12-31,5.284282289875219,0.8572248148215225,2.0938897656272935
2021-01-01,4.56739401419713,-0.13466294496384573,1.9104232264349865
2021-01-02,4.097747936963903,0.5334781933362527,0.8911659474101157
2021-01-03,3.738393049287909,0.24950460640169814,0.5453777744860322
2021-01-04,3.3246521996302048,-0.0717349379445189,1.6820807314043922
2021-01-05,2.71626572826594,-1.242621452417037,0.292357438063501
2021-01-06,2.969981929834571,-0.30191105746539737,0.7986104146957058
2021-01-07,2.6957916912925506,-0.49508220364142536,0.7618836375326347
2021-01-08,2.357683363769514,-1.2843829404415787,1.813427776846607
2021-01-09,1.69960970013673,-0.6441634827584439,0.29204124058243375
2021-01-10,1.5997424344568256,-0.3642248392181776,-1.3324747470008311
2021-01-11,0.4169686483027275,-0.30198271289813305,0.562781900709519
2021-01-12,-0.17338265043683398,-0.36492538801791014,-0.43770461163338037
2021-01-13,1.16479900125182,0.06327595165156043,-0.06238648472755835
2021-01-14,0.859701819996766,0.6685365651361653,-0.27620915097139714
2021-01-15,1.146764793590697,0.7795367012175451,-0.5044131200999913
2021-01-16,1.3495380847477656,-0.6770281728760896,0.17339319421317145
2021-01-17,0.18497035831769787,0.29800649762675757,-1.4866229311415133
2021-01-18,0.10809241539135417,0.4555094903022365,-0.7745274737626713
2021-01-19,0.0780751339812153,-0.09748915067574437,0.10198132614604322
2021-01-20,0.5846460804020679,0.7845157951662987,-0.7376796657686094
2021-01-21,1.170894286371051,1.3869400116520778,-1.3346805568708962
2021-01-22,1.133387656359976,0.4903951654623727,0.38476053844573677
2021-01-23,0.6706104944230475,1.0301377887947933,0.8487769268484279
2021-01-24,-0.3697441667721487,0.4164062243333823,0.19117400199569023
2021-01-25,-1.0351152284528196,0.46682224644714265,-0.9825919189286808
2021-01-26,-0.398294217802086,1.489574312679835,1.0515081753433828
2021-01-27,-0.3404168629295061,0.7767583035047247,-0.4445322025331472
2021-01-28,0.22730824345065717,1.3717448663076661,1.0793876956276902
2021-01-29,0.44061782784560954,0.6002423318275957,0.3672911830624006
2021-01-30,0.21445542067967516,2.2099869194452255,0.2759328229906738
2021-01-31,0.3101338687261762,1.8874443235961142,0.8475082010803391
2021-02-01,0.2803295464924746,1.7469859601889306,1.0643092267955365
2021-02-02,0.8686788425295429,2.320342967611306,0.742671741024105
2021-02-03,1.2857179585104472,1.765888041870245,1.5719375077867281
2021-02-04,2.2588491688377625,3.111839672026725,0.7805717581063667
2021-02-05,2.951884056498369,2.7525746825468103,1.681649470552197
2021-02-06,3.3973200144359397,2.9738971422999905,1.0690494177844116
2021-02-07,3.1067868535549277,2.8807487744366345,0.24009926984323143
2021-02-08,3.510731573086449,2.9234059502317384,-0.035828566028386355
2021-02-09,3.608086274023106,3.413240587094345,-0.7482474093332014
2021-02-10,4.124676774695064,3.225333234435028,0.4431838718525727
2021-02-11,4.784828386645973,3.3379318496183594,-0.16660059753659792
2021-02-12,3.9909371063945045,2.7577591141130546,-1.7227650714784364
2021-02-13,3.886479497656591,2.707228732092446,-0.5605162713204943
2021-02-14,3.333903917710459,1.9687427330244638,-0.913544143506017
2021-02-15,2.682304905130198,2.6181851758227497,0.7531291014833392
2021-02-16,3.069613329988796,0.826655552358682,-1.5755625446199344
2021-02-17,3.6386700312748967,1.706789714683887,-1.391563076108456
2021-02-18,3.500996661493683,1.3983657760230597,0.4301335371378643
2021-02-19,3.626421222045595,0.21690301798269318,0.6719138871972195
2021-02-20,3.62912763655616,1.1671017066927292,-0.7000039174898611
2021-02-21,3.351194599537346,0.3882388791606224,-0.4956882778002207
2021-02-22,2.7500857384270256,0.09146012843297169,0.5239754631266849
2021-02-23,3.310223790241016,-0.34652653484257595,-1.3762992105159282
2021-02-24,3.3032085021151896,-0.5355685893097045,-0.882835579153892
2021-02-25,3.3772340695423533,-0.5562351957514946,0.39081597205870744
2021-02-26,3.5281283664164538,-0.27596149889931654,1.8323127107510275
2021-02-27,2.988985911707204,0.11289545061566036,0.5882171401172518
2021-02-28,2.6915180283976157,-0.31313259286641737,1.0891716145965245
2021-03-01,2.4276238287049576,-0.6504338749491794,1.9114728138223547
2021-03-02,2.5685216587338777,0.22809095409127056,2.661664526330826
2021-03-03,2.8010647705200404,0.47879747690400554,0.8188235850908003
2021-03-04,1.7720572348387211,0.39973593132975765,1.2118318096812213
2021-03-05,1.9365256526472292,0.6388151457424893,2.465283867976111
2021-03-06,0.8358198093148275,0.2341101375487693,0.05728083039355347
2021-03-07,0.5075478235345936,0.07189960260279982,1.7448226097695931
2021-03-08,-0.2805518474645951,0.10787621643817419,0.18940732918110015
2021-03-09,-1.0328737872454656,-0.203960328458844,0.8301199714328517
2021-03-10,-0.12201022049762389,0.768116919861598,0.4304960194740275
2021-03-11,-0.3958806534457171,0.6663840485055684,-0.2356081204908605
2021-03-12,-0.31561862113283745,0.5884648847504084,-0.4185007020149898
2021-03-13,-0.6056392800963817,-0.41807926090787273,0.3051007405169862
2021-03-14,-0.6461201373438077,0.29914083067614855,0.6646493278798966
2021-03-15,-0.27839212962159243,1.3447746813858075,-0.24633120261386254
2021-03-16,-0.0716189278584386,0.7142611009829181,-0.20374111191430191
2021-03-17,0.7411580912526375,1.3137713764327659,0.0799766333676119
2021-03-18,1.412881499995832,0.8005020139981578,-1.03375065740369
2021-03-19,2.1073567714795542,2.1443493428514433,0.16516723959442697
2021-03-20,1.6824686515664502,1.5773961377882537,0.2566949549056991
2021-03-21,1.2328186547143098,1.8338305385858822,1.5747180860977348
2021-03-22,1.957533424931561,2.9238051952569952,-0.41178879377362365
2021-03-23,1.733785445514201,2.7445803223380456,-0.3438854630016771
2021-03-24,2.547226160877478,2.3192802128487147,0.6608867956409824
2021-03-25,2.669292855313293,2.4000639740216525,0.8560435655842911
2021-03-26,2.6006299058117257,2.6598764812639435,0.07543899263629306
2021-03-27,2.5366391354895628,3.1238411539846824,0.3351154788031769
2021-03-28,2.698901844886606,3.0086725691866163,1.1561809012132622
2021-03-29,2.587158503712807,2.941369109945124,0.3439192333197201
2021-03-30,2.180743882719912,3.6430408580586082,0.7611420687714019
2021-03-31,2.698627682580079,3.05326959701539,1.2105352601854533
2021-04-01,3.523853639048364,4.052682661261269,1.9140022924117028
2021-04-02,3.315085745094143,2.9930682223252383,0.82939848496894
2021-04-03,3.7819022566025433,3.5440491201283932,-0.036051607126850405
2021-04-04,3.6761281593989033,2.7133238760071725,-0.12177301422662445
2021-04-05,3.9063143311548587,2.707328021910901,0.27123117633325733
2021-04-06,3.9540448621852975,1.7272090122101063,0.1362984576419659
2021-04-07,4.299411410697825,1.3967937420022525,0.8240006708000401
2021-04-08,4.6491046145463075,1.6378623547554003,-0.04382679305767612
2021-04-09,5.1001756454693465,1.5865009403171295,0.1384008807793603
2021-04-10,5.063063942755552,0.8893655492756269,-0.07686011948742894
2021-04-11,4.638988346326521,0.01231403490241545,-0.008684855247797996
2021-04-12,4.862067630360134,-0.22742962590980453,1.067363717605549
2021-04-13,4.370320105370538,-0.5248148801291624,0.4611351107673856
2021-04-14,3.672680472454859,-0.9104157524965955,-0.11422526968870367
2021-04-15,3.9426156333074442,-0.20897291256456046,-0.545538719434137
2021-04-16,3.3391414466711016,0.07183201031687064,-0.5931080726722376
2021-04-17,2.714265247770398,-0.4596195199939551,-0.09419498732825407
2021-04-18,2.097210378007338,-1.385511292388014,0.0863008350519846
2021-04-19,1.6556014243123913,-0.5173499547575955,-0.9221774673065459
2021-04-20,1.1604898618475785,-0.44104611937590454,-0.1922837940975872
2021-04-21,1.687643779655568,0.7045879473656982,-1.540649558446039
2021-04-22,1.210557755314819,-0.6110940391025175,0.15497144708543462
2021-04-23,1.5753955763780898,0.05210183014185993,0.6861151549104354
2021-04-24,2.137134669922406,1.1530480079415981,0.1166226085291758
2021-04-25,1.1177999225556499,0.6647697431366256,1.7515688972980592
2021-04-26,1.3231125707516935,0.891155210944166,0.03046243944897009
2021-04-27,1.0539251767471514,0.8011589171358054,0.9595976051729219
2021-04-28,1.5477908730948606,1.0693020854382482,0.9281508791678095
2021-04-29,1.6668887427734895,1.3527161318453036,1.00830749317153
2021-04-30,1.661735857933167,0.7846115109459284,1.0977948054242228
2021-05-01,1.165979488208143,1.4379231145267215,1.3218187340427539
2021-05-02,1.041697050683676,0.562067511692946,1.8761886367192075
2021-05-03,0.2687424233489714,1.1666443917903482,2.2480328816869406
2021-05-04,0.6145820719493841,1.2018809363747156,1.2482700418832147
2021-05-05,0.8734730687434653,0.9753580652216127,1.7535415735476967
2021-05-06,0.8208243147263853,1.272410528760837,0.5942789979951629
2021-05-07,0.6052124919680215,1.0866097737178622,1.4983970187423443
2021-05-08,0.5865030883880857,1.0120585666993391,0.284995247781749
2021-05-09,0.07390516279554873,1.3522767818490231,1.4237913079159012
2021-05-10,0.39012246818186924,1.2498144978639458,2.0424486141752682
2021-05-11,-0.10650697949132015,1.913006203478178,0.24421192576582884
2021-05-12,1.0008550886950978,1.6680305309184826,-1.3631697580258275
2021-05-13,1.2378810182862996,2.6302954991712713,-0.3558792551053473
2021-05-14,1.9385728531759874,2.1551524204776715,0.7667967336205946
2021-05-15,3.0827121645911717,2.7358888584562617,0.19433342789012392
2021-05-16,3.097882061573043,2.854226930220511,-0.0856056939636003
2021-05-17,2.8717927413055313,3.7067545488997427,0.41245033287376787
2021-05-18,3.134979071069811,3.4137558312966974,0.046499891179276276
2021-05-19,3.3549939098870567,3.2476123408323048,0.5955624181796715
2021-05-20,4.650254445192345,3.691185344546258,0.45577625062533766
2021-05-21,5.776035093440446,2.7277973032732716,0.9766744565339548
2021-05-22,5.02725885813765,3.296343727924542,0.2879290569003899
2021-05-23,4.357458871376142,3.8152609257764354,0.8162922665851284
2021-05-24,4.351420598409374,2.8246285753355767,0.12768169618573302
2021-05-25,3.6710929337047724,2.414025850661344,0.08897743190869822
2021-05-26,4.183163897148129,2.3706726399185,1.8720667009474807
2021-05-27,4.428401089914499,2.215887980245457,0.9887325878865153
2021-05-28,4.2779808306829965,0.6993247280139654,1.546644597937648
2021-05-29,4.1845246205753135,0.48080139688048795,1.195133870469885
2021-05-30,3.6069531048141075,0.8389628392186843,0.7972593673835738
2021-05-31,3.439335532455589,0.1609728220962513,1.2845332378438028
2021-06-01,3.107197977847613,0.6782533776169891,2.3178133287320186
2021-06-02,3.9301429062407256,-0.0460566550782269,1.7022855682902156
2021-06-03,4.518294293631819,-0.7503371284295594,0.08181400122480187
2021-06-04,3.8744968135622417,-0.6701904460427746,1.0621492034242481
2021-06-05,3.7229657426360325,-1.32048232182383,2.3631215152752127
2021-06-06,4.043659112452389,-0.24849434043489824,0.8425703985390166
2021-06-07,3.312219008948416,-0.27444774571746505,-0.41194576975327857
2021-06-08,3.7399255047975037,-0.19818224246376845,2.015463572449984
2021-06-09,3.292239286432333,0.4753875085767466,1.0026747568689611
2021-06-10,3.8894250117759266,0.7758635667002725,0.31066164617682634
2021-06-11,3.214250731084628,0.3041597030883316,-0.0583817297180842
2021-06-12,,-0.38806374639962965,0.815418149020239
2021-06-13,2.224568158150513,0.8307345911548915,-0.44490424054024846
2021-06-14,0.9759271873090707,0.7856415877144673,0.6409591741336416
2021-06-15,0.44362297087796504,0.7576631696193147,0.14969148697086004
2021-06-16,0.5141760502059363,1.1669546730683182,-0.09234016845347376
2021-06-17,0.7775633316761696,0.45585930017812254,-0.16075715255970296
2021-06-18,0.019744125250411082,1.698102781579483,-0.3493228387360504
2021-06-19,,0.6260268186341256,0.5741277611189367
2021-06-20,-0.38060460542584484,1.2544012397986852,-0.6642558428532042
2021-06-21,-0.0038944190091648734,0.379490920227899,-1.0685757906151208
2021-06-22,-0.8072923431478948,0.6017861127751827,0.6427187715640872
2021-06-23,0.24724217051141018,1.781831024534628,0.8145374769927916
2021-06-24,0.60467911502665,1.1771962782405938,0.8761688067582332
2021-06-25,1.28466181553147,1.7870293060649773,0.9927392113868322
2021-06-26,1.7394256168096656,1.7005399589980288,0.6430110496243449
2021-06-27,1.59386562666645,1.649860215785722,1.5644660949038456
2021-06-28,1.6457665656216196,2.3750420188914827,1.106625171653737
2021-06-29,1.9889414410138258,1.9365692680766438,0.8968408304569269
2021-06-30,2.5883543370186985,1.5758211722920126,1.0885212944573437
2021-07-01,2.656136270534885,2.155060869074714,2.7570653054377
2021-07-02,3.314874484646724,2.977530401409612,0.1291342588628155
2021-07-03,3.1139004151340326,3.0622468244879095,1.659696886043184
2021-07-04,2.6919578856498148,2.3769703827533024,0.06744302369095156
2021-07-05,2.5354417395813034,2.8299652374445414,1.0697525235558372
2021-07-06,2.5633443797511135,2.9977400634357467,0.71868896222605
2021-07-07,3.46455750068869,3.2848887798472024,-0.5811304932152613
2021-07-08,3.259266476838765,2.8675813114521986,0.9926556659578433
2021-07-09,3.4484167039573164,3.1600734636853147,0.28897335646546374
2021-07-10,3.3357442203610783,3.013186417139431,-1.0797737924470785
2021-07-11,3.1955805932312447,3.4474587279496935,0.8193083490813352
2021-07-12,3.2451149480169916,3.2730521905467556,1.0922761227582836
2021-07-13,3.778068722475606,2.727363008148886,1.0075711792256832
2021-07-14,4.680908918094672,2.48151706230382,0.1184491854284826
2021-07-15,5.4298092284938715,2.494387812579111,-0.16760451603214005
2021-07-16,5.6815954411289,1.8189949926196691,0.6960921183324397
2021-07-17,5.402159964774607,1.308205442416656,0.9450509934434497
2021-07-18,5.641921588052478,1.096253051148206,0.5966528789768134
2021-07-19,5.358965669407864,0.8637229418846901,-0.786896644588413
2021-07-20,5.039872232754337,0.32161443198314443,0.11242553686852877
2021-07-21,4.974994603104562,0.5984365901427289,0.40443309917002085
2021-07-22,5.3285156566216925,0.6816552829464815,-1.0241211927027005
2021-07-23,4.907671048475908,-0.4529576412369888,0.7312231090803243
2021-07-24,3.764685822407431,-0.0694050434919873,2.1610942781855744
2021-07-25,3.37734618026116,-0.2604291664343644,1.1852846687147531
2021-07-26,2.8146604822849652,-0.1025904458321232,1.928778471469873
2021-07-27,2.1325251498962285,-0.2812236809109801,1.1712685129240668
2021-07-28,2.416774271943694,-0.7083095554517262,1.1172630335932368
2021-07-29,1.9512858474098633,-0.5622628424313942,1.5347102960842314
2021-07-30,2.659315314711649,0.22370860776793267,0.7657665594470191
2021-07-31,2.288345121335156,0.7449415988665686,0.6979748852305464
2021-08-01,1.4342139968587455,-0.4984793141635554,2.2600307063131746
2021-08-02,1.4033441927756058,0.6989289960723932,2.300484853042686
2021-08-03,0.6887203126878718,1.0962652672329054,0.5790459021164113
2021-08-04,1.4362150855629783,0.8215850082768109,1.8531150235696199
2021-08-05,2.063800633223961,1.3268874592083448,0.9913562189097715
2021-08-06,1.9418890029405969,0.9152117570930867,1.146255316603939
2021-08-07,2.259063548540332,1.2827520608881602,1.0724824002587592
2021-08-08,2.2485224309870677,0.7480586171378624,1.2810453276870295
2021-08-09,0.9833151308772358,0.32156270599625303,0.4775733886500303
2021-08-10,1.0221885244306286,1.6854487599993166,1.2487240822507193
2021-08-11,1.484809255470409,1.0237092563861738,0.33436078599797187
2021-08-12,2.02370653157967,1.3595420820033575,0.4314131303467592
2021-08-13,1.0711458385204584,0.8969493146569306,-0.6861041371036224
2021-08-14,1.1463966319071182,0.9663326052346504,1.3412160944572609
2021-08-15,1.1739521067589156,1.5514016969648763,0.12525992994885776
2021-08-16,-0.10873899037803841,1.2446219079748524,0.29648068144694956
2021-08-17,0.14300722006554695,1.8552763862828674,-1.2925752808842015
2021-08-18,0.8723475134767864,2.1447590763986755,-0.6737117391829259
2021-08-19,1.4122035078910224,2.3400336494780825,0.8680027211611907
2021-08-20,2.235288850329496,2.6086701091959545,0.3275955809708393
2021-08-21,2.268443435429589,3.3311963345191087,-1.0670351288408937
2021-08-22,1.7910778238317902,2.3785822856296246,
2021-08-23,2.7646519559974974,3.092723846918454,0.21935203695308975
2021-08-24,3.0168858034346617,3.744994782993668,1.755251242767903
2021-08-25,4.359942141246026,4.105734191076091,0.8659043394380486
2021-08-26,4.522919032925463,3.121125387590581,1.2165228820483485
2021-08-27,4.943339141181598,3.6456154698818963,2.0237840653960615
2021-08-28,5.33646348347334,4.337877362207418,0.6695752434292878
2021-08-29,5.215263873947573,3.889790201360849,0.6718524475523623
2021-08-30,4.967698725359663,3.582768356456108,1.2650686220159426
2021-08-31,4.380472264635344,3.1326333862695606,1.982638476029475
2021-09-01,5.263278032410462,2.9549482175915585,0.4382311362066815
2021-09-02,4.954553210075211,2.8946672496853063,0.1351961031051807
2021-09-03,5.232914904306639,2.407934289141606,1.7821205093125734
2021-09-04,4.332258420049889,2.026193034022251,0.66014338303707
2021-09-05,4.374183009972518,1.7441812145093538,0.6638311054164553
2021-09-06,3.641778452256313,1.0010914529516501,-0.5194379287039176
2021-09-07,3.479590044524933,1.1485936132934262,0.13971447995362507
2021-09-08,4.3429549328406525,1.9481642162791837,0.4443735397039984
2021-09-09,4.511668204994314,-0.1466808489293755,0.942875185875394
2021-09-10,4.366576408172453,0.4750831358416143,-0.3920893181982178
2021-09-11,4.825787766710738,-0.034476848630036305,1.184647423780838
2021-09-12,3.9698212824669916,0.2822748220382369,-0.5520095399534075
2021-09-13,3.935382081021937,0.029873526117430105,-0.6180094741457429
2021-09-14,4.084418748519688,0.356011729505347,0.9025327700338435
2021-09-15,4.0736935895910875,0.5853297228882004,-0.02459540963987719
2021-09-16,4.5855851611719265,0.3754202370124261,-0.5232625233442278
2021-09-17,4.1549354607233155,0.8260612344741691,-0.1764135148539679
2021-09-18,3.6902407448897243,-0.4711411654548261,0.9786356438975246
2021-09-19,3.5200731174642423,1.2543693495541266,1.1831137719039977
2021-09-20,2.1718321158382032,0.74786321285749,-0.2691445399498196
2021-09-21,1.3921395550304894,1.0900950107880567,0.43296698029041736
2021-09-22,2.45771059391861,0.49781470936585887,0.6931097793673027
2021-09-23,2.61622317141198,0.8274886189945042,0.1069612752925917
2021-09-24,1.4171356978523624,1.1681820381499448,0.9184097776056473
2021-09-25,0.42163263695698816,1.061585778819676,1.1069542041501723
2021-09-26,0.3328019935260412,1.2547867425507675,2.026662495637634
2021-09-27,-0.002951082415226694,1.5925090618227622,2.1730178428453835
2021-09-28,0.08487054021260881,0.5184452146429716,1.1663986341848194
2021-09-29,0.2077165350669209,1.6756992697915716,1.2828503155920492
2021-09-30,1.2103192770396098,1.4798464946944991,1.898622127733565
2021-10-01,1.5305352805012076,1.4862647878931388,0.990213298787219
2021-10-02,1.0231187771109242,0.9558760629996184,1.7448684292437389
2021-10-03,1.6787650144293509,1.911395211197286,1.1739813192234572
2021-10-04,2.2174066805409764,0.9118118226576112,
2021-10-05,2.0600426166922894,2.2211276311851513,0.2986036154448958
2021-10-06,2.510553452558165,1.5623775877696757,1.8232704398759867
2021-10-07,3.119561124080017,2.422208915444322,0.5355049645996981
2021-10-08,3.6018860597959845,2.592478638802806,1.627918513074616
2021-10-09,2.800316504125478,3.165799199811538,-0.03793469696107249
2021-10-10,3.0886121427504625,2.851652291038918,0.3816154389580703
2021-10-11,2.7344367786597767,2.769468212013501,1.7293578457308558
2021-10-12,3.491614910899587,3.121101158246444,-0.7829910442918452
2021-10-13,3.2062010514871284,3.9294692494955608,-1.438315362965966
2021-10-14,4.10025044881876,3.87548330114914,0.7569955756064446
2021-10-15,3.4128844654075334,3.4690736695914586,-0.7213838900697701
2021-10-16,3.822393380855156,3.6078372145094724,-0.12133966791048602
2021-10-17,3.5728370880752762,3.003214128316629,-0.4479630703436592
2021-10-18,3.2375636595890622,3.64529320746807,0.2491980862867928
2021-10-19,3.9192991314555163,2.7434769217003807,-0.47860354686399453
2021-10-20,4.872183300219535,3.6941825053152226,0.2066526240210503
2021-10-21,5.073035591133289,3.231380858679603,0.8075413759353502
2021-10-22,5.084495402712078,3.853651673174328,-0.04581622039199895
2021-10-23,5.685072744661128,2.236653393698832,0.33727053190209316
2021-10-24,5.332001234605748,2.2521210682071744,0.7442213309416554
2021-10-25,5.465593605884608,2.6957684018193975,0.13305739787557336
2021-10-26,5.708210790600758,2.158840771217265,0.9627231724228003
2021-10-27,5.515417367785651,1.062631141597982,1.4409779009595767
2021-10-28,5.728534409159172,1.1798902497101884,1.1471609539242198
2021-10-29,6.205460662034413,0.9189824179231174,1.2726539712424105
2021-10-30,5.367992574181659,0.7084728980246567,1.4496863466600074
2021-10-31,4.0183310091641555,-0.03099150120838612,0.9708247893335052
2021-11-01,4.37105255069469,0.1757703201844017,1.8465641191343682
2021-11-02,3.8402720862985578,-0.542236912532905,2.2707005477431617
2021-11-03,3.411858456324424,0.10443515680630701,0.8171619272971683
2021-11-04,3.1328497084994966,0.2540087794896779,1.3380280764950383
2021-11-05,3.500534787859559,0.1447264688507377,0.6725973438499571
2021-11-06,2.853358682415143,-0.3680165538716348,0.9308411415269549
2021-11-07,2.9097155089934867,0.8449119518168037,1.6057163191880712
2021-11-08,1.9764920449151018,0.632461284702457,0.7076723656520287
2021-11-09,1.9871010421880404,0.37972265197262833,-1.0336183790007374
2021-11-10,2.134200677264076,0.7580266580898056,0.40228108163095444
2021-11-11,2.782194848562521,0.5341698843863094,0.850184297288754
2021-11-12,2.8606161088897677,0.8862914611471369,-0.2349625320347889
2021-11-13,2.8882727144990072,1.2153527344461565,0.5833268479878658
2021-11-14,2.043607373257702,1.9030654699118337,-0.5956983951009802
2021-11-15,1.850597701348167,1.2134273071650956,-1.1167226247017192
2021-11-16,1.8664234231488883,1.7951946370168932,0.0909979901552898
2021-11-17,2.4635112279324543,1.4660029627774587,-1.1380495649043292
2021-11-18,2.848405063719648,1.8814539447433094,0.048932089140515195
2021-11-19,2.166493761905381,1.6634017025836711,1.2634002693912008
2021-11-20,1.773760471351708,2.0534839510076277,-0.8141633866766148
2021-11-21,1.468556638923609,1.497213300738057,-0.20564775713971584
2021-11-22,0.9344326846914144,1.0695145943848692,0.13490678104109433
2021-11-23,1.2739994501167395,1.2831642659609326,0.9730654126629608
2021-11-24,0.6012267317627269,1.6301966463731226,0.9072264518816261
2021-11-25,1.4047816540186417,1.5937301639067303,2.2679113275691725
2021-11-26,1.654675760099342,2.445177752072042,2.0558641533917363
2021-11-27,1.233094130691624,2.198520118425079,1.8035362752841402
2021-11-28,1.6388922701730435,3.5736129258117013,1.5945587363353377
2021-11-29,1.8578740242098102,2.143417802808534,1.7688783601839981
2021-11-30,2.6240559480285324,3.212019783360991,0.856457564316761
2021-12-01,3.8338897674979875,3.0239022557224096,1.9928675705171914
2021-12-02,4.242094460258566,,0.5170848823304748
2021-12-03,4.55833502495506,3.886244989233449,1.756992097565539
2021-12-04,5.054929834152281,3.0394839175627135,1.8586890659438406
2021-12-05,5.385551152024965,4.13161989488596,1.0179345741158878
2021-12-06,4.81781169487774,4.677994140480841,0.5816508587266129
2021-12-07,5.074034366729848,3.6839988138511277,0.8198875831625589
2021-12-08,5.890804768833785,3.947052193107541,-1.6214521735310958
2021-12-09,5.945155811106002,4.064378472864158,0.4493525511058389
2021-12-10,6.186084272517575,3.3813081238799256,0.03513634113021444
2021-12-11,5.62157249069876,2.847048441130151,-0.018260002167437672
2021-12-12,5.309306504737311,1.8100481177113004,0.4447275459923603
2021-12-13,4.385330655937636,2.5075816055811813,-0.13595576138992935
2021-12-14,4.597481873132896,1.900969197645838,-0.8807623159504306
2021-12-15,4.710522284112301,1.2275580985722212,-0.1458270826138907
2021-12-16,4.625078348346285,1.3582037934250981,0.06946851582903284
2021-12-17,4.549736672408042,0.7800114751256527,0.20193787772478783
2021-12-18,5.005720461733515,0.6268511928657254,0.36011535526556304
2021-12-19,4.38195907340522,0.7903019883940408,1.120169016982341
2021-12-20,4.020225366990486,-0.18658813767004934,-0.2075535397781163
2021-12-21,4.433984230520727,0.7398643476681008,0.8429903193153903
2021-12-22,5.154126600908159,-0.16501225047814128,1.7902801416869725
2021-12-23,4.444988546578932,0.040274726255142335,-0.16683873339541977
2021-12-24,4.700572927731403,1.1783374706323664,1.3189808783800145
2021-12-25,4.528199243243206,0.940785806872814,0.9087509090007844
2021-12-26,4.689800164369136,0.6925116216535293,1.1583230538963774
2021-12-27,3.834983675910562,0.31207734551330246,0.8534799607860277
2021-12-28,3.7022964003214005,0.633813000136333,1.403932015304308
2021-12-29,3.0319308207267532,0.9561632836681145,2.8124964463934514
2021-12-30,2.9055780777025837,1.1009827398266367,0.6047439602120791
2021-12-31,2.998744775304577,1.2305717626599766,0.6040933212923694
2022-01-01,2.229727987570317,1.2894892884267148,0.41416166126745857
2022-01-02,1.639813462626683,1.2574583413261242,2.411421002473662
2022-01-03,0.8828580913447692,0.7607932584568226,0.7347515205957531
2022-01-04,0.8702112069810211,1.2155663925006848,0.8823820104108273
2022-01-05,1.0203226928812343,1.8780436853399831,0.45305194122564557
2022-01-06,1.5006430952191865,1.0895655049946453,-0.09142536753635933
2022-01-07,1.6738065970995675,1.6302629457938382,0.2470052329092447
2022-01-08,0.9113102386389609,1.3037808034428933,1.9885423221816219
2022-01-09,0.6354778407933741,1.6780590881460273,1.1189337843000695
2022-01-10,1.7084394218323942,1.6916669810350673,-0.5498767954821373
2022-01-11,2.186144425559307,2.5772401215059006,0.43345665910705233
2022-01-12,2.185385444975937,2.2752850394113713,-0.6356834571610814
2022-01-13,2.5759690809718694,1.714437730020705,-1.2960748634869739
2022-01-14,3.5314326123536275,2.7808430005736704,0.6968124293291162
2022-01-15,3.8022344589672374,2.393366008125589,0.8642446696229326
2022-01-16,3.8930627259159687,2.653024125100957,0.8837207153516121
2022-01-17,3.4108825968883267,3.1150964628512594,-0.052133876287681014
2022-01-18,3.2886008255413506,2.956413693171073,0.3058676717379684
2022-01-19,3.473607941895872,3.7151416374863624,1.1075065349064785
2022-01-20,4.0661679804883795,3.300121172467886,1.0240472261436757
2022-01-21,4.058644625335822,3.500604057034454,0.6417831227462559
2022-01-22,3.6561846964241105,3.5318062931983505,-0.0559609596220727
2022-01-23,4.295108709481369,3.7294037994697784,1.3029408377333902
2022-01-24,4.118241490916204,4.386469621223561,2.1038226078471824
2022-01-25,4.178652516664318,4.172475796283286,0.6095085207036322
2022-01-26,4.111993879478537,4.50504564171569,1.9639767802093089
2022-01-27,5.248051280328005,4.753773708669162,1.7846967028882017
2022-01-28,5.590286736892133,3.2888926217089947,2.0787213005572536
2022-01-29,5.6637576923403135,3.4967081877950363,2.130228062839425
2022-01-30,5.903459117056408,2.7512353838390022,0.9666946536797988
2022-01-31,5.817428274942979,2.5855185736315636,0.22364428026646088
2022-02-01,6.185553336594586,2.3691857158194867,0.8587645338559717
2022-02-02,6.649338937368177,1.9311531715173609,1.7107784367295333
2022-02-03,6.960389729881343,1.6493568468334592,0.5509266201860363
2022-02-04,6.382000858548785,1.6133897344363113,0.2791696732996586
2022-02-05,6.599139136838394,0.9342066201581307,-0.6752745920014476
2022-02-06,5.830458363202224,1.398783114187283,1.6684639737250226
2022-02-07,5.077331235220842,0.38498993525588593,0.8757713471637425
2022-02-08,5.653120200160377,1.8175266398735364,0.7134113265104225
2022-02-09,5.54426910685064,0.406927184302323,0.7545874477180822
2022-02-10,5.291792525779364,0.5435191602667216,0.41385064004425887
2022-02-11,4.592556093464898,-0.0906460521562737,-0.19464771492028896
2022-02-12,4.293907210762623,1.1305958387114696,-0.1372523891801623
2022-02-13,3.189883712626014,0.8368968449444395,-0.28614026825061006
2022-02-14,2.745868018196623,0.5806465510239297,1.9264982050629498
2022-02-15,2.227714315709436,0.008478008171783902,0.5706225615276809
2022-02-16,2.8595040215199368,0.9033698170859087,-0.017888510779998312
2022-02-17,3.0143710643112023,0.5756467759646111,0.7784584274557598
2022-02-18,2.6834545861190233,1.7375970285425977,-0.09493759515362443
2022-02-19,2.8826238575171312,1.673179889583505,1.8331547030124424
2022-02-20,2.585647018838482,1.4933857641457153,0.48458098558921653
2022-02-21,2.988498901403057,0.6709609357257035,1.4581491172963736
2022-02-22,2.8290891500627273,1.3361530200569145,1.9994125426541616
2022-02-23,,2.097937171932536,1.6478538413254018
2022-02-24,3.210255753337243,2.425837499502911,1.5439493173013035
2022-02-25,3.1295055898827373,2.4248965228114803,1.5544066724353303
2022-02-26,2.69883943885179,1.3230348757757984,1.5431087484736428
2022-02-27,1.9158930901139652,2.002990725397641,1.1799285740453682
2022-02-28,1.792352365887759,2.313256181744115,1.2352068121973325
2022-03-01,1.511324897426716,1.2542188485680419,2.518533584583209
2022-03-02,1.5230376378910446,1.983654831216495,1.3095402175023099
2022-03-03,2.26721508451347,2.294463182989287,0.7121708132660416
2022-03-04,2.2841104818011604,2.175074372517296,0.756980996657588
2022-03-05,1.4776018173431207,1.5634124345161418,1.7305888291422669
2022-03-06,1.7890706085195083,2.370972929033754,1.26792464321516
2022-03-07,2.164386689657695,2.59359909611123,1.0219010721083737
2022-03-08,2.6065718278123446,2.909693277627901,0.29134584630250626
2022-03-09,3.3301430767018414,3.0339554285671624,0.7291255272870827
2022-03-10,3.821526492429017,3.3329822322405556,-0.2460086478473546
2022-03-11,4.13645756648197,3.7045861220334997,-0.07455014496959428
2022-03-12,4.351323910068182,4.069066412768745,0.7190179281380978
2022-03-13,4.907435951941776,3.9602716338025714,0.6183768589487282
2022-03-14,5.122275546306141,4.015874752988311,-0.6799544084601804
2022-03-15,5.817819301733834,4.338671285928863,-0.5557137300721239
2022-03-16,6.3305643996875345,3.5753776909345714,0.188271183941828
2022-03-17,6.433003420921323,4.460033542217869,1.4197768018867314
2022-03-18,6.23994948226599,4.095275518550966,-1.004123816962267
2022-03-19,6.27670556938174,3.9200196699944097,0.6774437432387012
2022-03-20,5.993483563228137,4.002293140535096,-0.32055968475542274
2022-03-21,5.50151689410077,2.4802979650337478,0.3659683045321072
2022-03-22,5.2862600805469215,2.1273521676278584,0.7222294600092287
2022-03-23,5.661690699513546,2.7521608624889877,0.8430334740548083
2022-03-24,5.575385131920619,2.2900753083041505,0.9095710440725261
2022-03-25,5.475280628176365,2.015416168013833,1.413560802645385
2022-03-26,5.444102378528364,1.4455678837723898,1.133141426386143
2022-03-27,4.834657622210133,1.5219632300144126,0.5531250436382145
2022-03-28,4.80970240732484,1.3818744743470837,2.158526245060562
2022-03-29,4.9300268975860275,1.0235886171582709,2.140628033298835
2022-03-30,4.875051916029919,0.5726574258535708,2.1700672300519916
2022-03-31,5.443930760412502,-0.17064554232339713,0.4343061756426947
2022-04-01,6.137025190551053,1.0491914864305059,1.6247585671908367
2022-04-02,5.141406949030087,1.0985095164519583,1.7654134008988247
2022-04-03,4.451043539491495,0.8295529495633412,0.42654786655292964
2022-04-04,4.182986969319264,0.28620509018025075,0.996750626381718
2022-04-05,4.621000390985788,1.1126678161149708,0.743613348282741
2022-04-06,4.649453929317321,1.3546718529093613,1.9491761083435732
2022-04-07,4.562283157529911,1.7980464355172008,1.8487579114481771
2022-04-08,4.628207210015941,1.0158506465360304,-0.8072776771651053
2022-04-09,2.800409413012668,1.179616313369654,1.9802330436276727
2022-04-10,2.9196561620972874,1.75396566298665,-0.5034783278348702
2022-04-11,2.6171524883110227,1.582899997746757,0.7566260929930795
2022-04-12,1.4976784901597424,,0.7157310703099918
2022-04-13,1.7151885999590801,1.8282808430156552,-0.6596006750838823
2022-04-14,1.6863656998504755,1.9760585168215028,0.41844224265124297
2022-04-15,1.5945543184591702,1.8335139661143354,0.06690605598619917
2022-04-16,1.5302551796465904,1.9291750075511855,0.629515142860767
2022-04-17,1.7964250371018124,1.8209955557355937,0.5282424098324526
2022-04-18,1.884963179082988,2.5690418903042587,1.350048325298526
2022-04-19,1.5696975425433612,1.6133749981642098,0.7254503275480297
2022-04-20,2.8694050316290456,1.9863367898257804,0.7224881514015766
2022-04-21,2.9659650266505118,2.307649951090724,1.7745743157942293
2022-04-22,3.907650823712987,2.882573195626184,1.5736664898616592
2022-04-23,3.466751010699355,1.9738270177529107,1.8254975778585978
2022-04-24,3.477514853345558,2.180145432170804,0.9733051898008966
2022-04-25,3.569100672335177,2.0531652795417177,0.8061363760486187
2022-04-26,4.668261375655712,3.2131805612142403,1.209439712759225
2022-04-27,4.4013501625840235,2.890816662780147,1.2080425463182067
2022-04-28,4.313401661506031,3.3530127424506615,2.1939570043516587
2022-04-29,4.922217654326832,4.039842043778507,2.293034048241965
2022-04-30,4.31500373452174,3.590633471865109,1.43422912035488
2022-05-01,3.9379743211112777,4.0225949415346625,2.447159173558959
2022-05-02,4.169760815590664,3.9516559053918874,2.2801567774695646
2022-05-03,4.050628593213518,4.38783300741019,1.3487685559410323
2022-05-04,4.556234909520843,4.402543238734335,0.44500511257407194
2022-05-05,4.967498664131744,3.962510722489428,1.9577636546048693
2022-05-06,5.379195101675614,4.143687542080243,0.6469585016259196
2022-05-07,5.479856154929504,4.4989841173878835,0.6199263230410532
2022-05-08,4.753784073711381,3.9330547831064577,0.15004828024141417
2022-05-09,5.667441145142208,3.1103082316839537,-0.3583690887899468
2022-05-10,5.594774613653987,3.6376600594545665,-0.8608679242482505
2022-05-11,6.084098356289469,2.7027172079583495,0.5431626134539813
2022-05-12,7.071490878520148,3.5191145791949925,-0.48199825402225227
2022-05-13,7.373432518223567,3.0722686942373905,2.2090543440031567
2022-05-14,7.01092136076885,2.3936456909933126,-0.6570967208648599
2022-05-15,7.102869094243659,2.0421268585731225,-0.7079880555145123
2022-05-16,6.10787560318415,,0.6285812405474909
2022-05-17,6.236053728885,1.5941812159446582,1.4672912334431256
2022-05-18,6.175792446905649,0.9685492641907887,0.5878234453995925
2022-05-19,6.260064219242768,1.0789686029532959,1.1032403414768837
2022-05-20,5.999200954851867,1.2044944884960458,-0.42048319222109665
2022-05-21,4.942479363463491,0.43759251174228386,0.5630712706699718
2022-05-22,4.669752211125313,0.3925927432829244,0.44585830406432425
2022-05-23,3.8440957244574214,0.10294122022485885,0.0166961068704643
2022-05-24,2.9795047851116947,0.1317506350456556,1.5504020241986387
2022-05-25,2.987422567880875,-0.03324473939447914,-0.002159012099761437
2022-05-26,3.677525124943692,1.2566021646749599,0.7113080367749106
2022-05-27,3.5640875997071486,1.8483564195572701,1.2965818604852266
2022-05-28,3.326050154371321,1.8411026352686526,1.0917174311288669
2022-05-29,3.0023308236905613,0.7500525633383764,1.9173311645810744
2022-05-30,2.902126282395403,1.842369229196456,1.786726457359282
2022-05-31,3.254681673609843,2.324407886935747,2.1011749825367434
2022-06-01,3.005870246007095,1.6653929104197718,1.8788968147328624
2022-06-02,3.3346988596128724,2.045939840213057,2.0069582670136166
2022-06-03,3.4331651156105933,1.3034565553375896,1.0489864726478788
2022-06-04,3.5831154632073217,2.303307446484817,1.0974268305716774
2022-06-05,3.4262014295256646,1.8003090823871792,1.077730238689234
2022-06-06,2.5667871422988333,2.2198862393540426,0.6607703737130632
2022-06-07,1.8509321987423508,1.4481445000911894,0.13973578122407448
2022-06-08,2.2164412352594915,2.387806715347741,0.06177436558024871
2022-06-09,2.6107085435581228,2.6922656918913264,-0.37511120185852465
2022-06-10,2.6207847981921772,2.0382067667249,0.42528656790075875
2022-06-11,2.3521528546326107,1.9428978566196018,0.030571861845772624
2022-06-12,2.114780760195735,1.6075715311951826,-0.3668391417403542
2022-06-13,1.8565655109870318,2.454556317093122,-0.33041658656334477
2022-06-14,2.5014987855908757,2.5754788259113264,-0.6450994324755025
2022-06-15,2.552842247056019,2.3623818368837655,0.9866730784841254
2022-06-16,3.15557450427519,3.4324801434412975,0.48180416683825655
2022-06-17,4.056025850265186,3.3882382620258316,-0.03134932816192593
2022-06-18,3.709980812040644,3.263160858020812,1.2986540720672097
2022-06-19,4.443354015948986,3.744674140136164,0.5076858331439218
2022-06-20,4.64367485287369,4.564459027773517,0.08277891374562885
2022-06-21,5.1206426362010555,4.555198119086228,1.9422449169140399
2022-06-22,6.374945533014079,4.5156243977423065,0.9972603091376877
2022-06-23,6.370422920638316,4.832262220848693,1.2122864972357537
2022-06-24,7.508631120614886,4.256089286877058,1.626646337271969
2022-06-25,6.765863485772124,4.532096541345706,2.466657668989207
2022-06-26,6.1665816519134875,4.343424515041862,1.716643619901036
2022-06-27,6.3298887622637565,3.924185134888197,0.8642355279929588
2022-06-28,5.966261547349184,3.9880994494984052,2.050559115914645
2022-06-29,6.226586278246287,3.2580112028170616,1.263327516044348
2022-06-30,6.704203488949298,3.5335055099422488,2.8270626404525463
2022-07-01,6.64247104649036,3.2104998850186584,1.3814443964354601
2022-07-02,5.900743046927312,1.3748617853276974,-0.32613553406842133
2022-07-03,5.89639733628815,2.686635178357877,1.3304848331631833
2022-07-04,5.634394195123925,0.6399094601896016,2.276218454582163
2022-07-05,5.746966825877682,1.3466485306461535,1.8528148493275896
2022-07-06,,1.7652927314012565,1.8732786876689567
2022-07-07,6.382559490330521,1.1209608983883583,-0.2660603316010026
2022-07-08,5.542612252837943,0.3906484667488048,0.9629908168018445
2022-07-09,5.853752035643431,0.4964085793203284,-0.2782165008432498
2022-07-10,5.3820658711593525,1.2390154038351462,0.3171573665557236
2022-07-11,5.462273900668842,0.0893462804912788,-0.7646842164124293
2022-07-12,5.275426011083438,1.3469833958933373,-0.32373655171252197
2022-07-13,5.581664327579792,1.02582282524943,-0.31021790119065196
2022-07-14,6.302385057048419,0.8183996263802884,0.8611683730722836
2022-07-15,5.479233971854165,1.1016809471842324,0.891987524786833
2022-07-16,5.082525011974434,1.0456664781235676,0.6505456086975843
2022-07-17,4.13074480184034,1.8381653353443044,-0.3426843070994017
2022-07-18,3.5614490688108793,1.8773252194621757,0.5445230435809761
2022-07-19,3.1635019065586856,1.0039692506480402,0.4077184619400801
2022-07-20,3.1731894124345836,1.6819046603823096,1.706102382340363
2022-07-21,3.311070166265794,1.648622625816338,2.0821187114326603
2022-07-22,3.213319917649764,2.6045580140423246,2.1426981120555895
2022-07-23,2.3659402022516787,1.5064903914050394,0.9998622667899959
2022-07-24,1.9761975375733247,2.6972669323230702,-0.2898528625750876
2022-07-25,1.2193497678780991,1.981387329107159,0.45997188434508285
2022-07-26,1.702637331931595,1.645635998082314,2.727756400952164
2022-07-27,2.5058051807745203,1.9999469426678491,1.4527390587707447
2022-07-28,3.0557350875550493,2.0759099670936583,1.1743379802505454
2022-07-29,3.251341052120943,1.9687081371988744,2.782682528432916
2022-07-30,3.5820311740853295,2.6335964116870776,2.4211278222237604
2022-07-31,3.465248867881056,2.1734650708943106,1.4293423071778295
2022-08-01,3.7913078225534336,1.9493133240735614,1.063007150715858
2022-08-02,3.8858261552786377,2.8136402390276727,1.0178585036850185
2022-08-03,4.242720000743692,2.448157103329711,1.1040139588712468
2022-08-04,4.9408228348998255,3.1401223427725595,1.899703744269515
2022-08-05,4.156757342247507,3.1378089111709437,0.9173378825054146
2022-08-06,5.00126764406683,3.4615262550316017,0.9859921212934347
2022-08-07,3.4734697851599243,4.558363828082829,1.1729732159672157
2022-08-08,3.842989812905653,3.9990130988036796,-0.5615935237446477
2022-08-09,4.5812508589237195,4.324722016707316,0.7185581116957117
2022-08-10,4.930410373675724,3.674929183668408,-0.049815644557745176
2022-08-11,4.818039468814633,4.17251365925702,-1.6038841533355537
2022-08-12,5.149002687476357,4.587528230465063,-1.2965638924261949
2022-08-13,5.735286296816226,4.144640780696749,-0.45050265109063625
2022-08-14,5.069486463702444,4.727917085151656,0.733340399632885
2022-08-15,5.961717818899808,3.8726873735348004,0.5664314939042217
2022-08-16,5.695119100229921,4.002357834636531,0.7616673805623172
2022-08-17,6.479851362496408,3.756533931397344,2.15833108522647
2022-08-18,7.499907945127044,3.9269110984597733,0.07163726959810246
2022-08-19,7.446067396688068,3.2846607842504287,1.1081260047255959
2022-08-20,7.149131960130278,3.057398062623735,1.500494180430307
2022-08-21,7.251795321201179,2.749931542036468,0.9178370202571409
2022-08-22,7.144765328763736,2.2040129928686287,1.5783445819399722
2022-08-23,6.804957943942631,2.3285845960523375,0.5378557891685087
2022-08-24,7.323749696565923,2.024940921406795,2.7137795651286423
2022-08-25,7.260944411291994,1.641059659644455,1.285487329523313
2022-08-26,7.518533179414508,1.3460883084671398,3.1855976316395704
2022-08-27,6.645244865259952,1.561135363807915,1.7071131862939035
2022-08-28,5.767178284193706,0.9265836437638759,2.382457818806989
2022-08-29,5.149468008643936,0.7706845107992104,1.5282038520881045
2022-08-30,4.880224916070006,0.9125167569761611,1.4207075192516037
2022-08-31,4.900210438736683,1.6177392928448622,0.8895687812052502
2022-09-01,4.372640178478897,0.43036755929270887,1.2237161032106172
2022-09-02,4.152494875086337,1.3808169884850994,1.1975990860898253
2022-09-03,4.373445580103071,0.5117902528474119,0.26068969110518025
2022-09-04,3.443152072861936,1.3935595369888087,0.5640795944374528
2022-09-05,2.868498900144911,2.03237150079004,0.08070259192605167
2022-09-06,3.5046902761243035,1.871307686440986,1.9942489883484638
2022-09-07,3.863440437224816,1.9648745152143043,0.2243681380343212
2022-09-08,3.63663739945274,1.7886789183215126,1.3018172931514713
2022-09-09,4.2980173957942025,2.2543578553787382,0.049446852139998
2022-09-10,4.267786167871477,2.244498838030496,0.36888383277981607
2022-09-11,3.8099535479689726,2.048741397340663,-0.7018000631878134
2022-09-12,3.6225102476654025,2.2865719507729185,-0.02077113733505892
2022-09-13,2.992257389164321,2.4399938323574455,0.5388584091705543
2022-09-14,3.6854721851422894,2.2009481612036987,1.626974479837925
2022-09-15,3.6361214101235233,2.217891322400039,0.8179986299127473
2022-09-16,3.472773211297938,2.0150158469255945,1.7912749001808679
2022-09-17,3.4826071458826124,2.7695354225048887,1.4385103771420433
2022-09-18,3.1683611571232437,2.8517444700374424,2.2965102902794876
2022-09-19,2.949455798669366,2.779926508483885,1.2760597623470815
2022-09-20,2.8584696874130278,3.1676022843892486,3.136384099290243
2022-09-21,2.807140320617442,2.9388550070000607,1.2487385183420314
2022-09-22,3.4179781373101488,3.302392677328143,1.1512970390891732
2022-09-23,3.8756654651684257,3.5027480547948535,0.9098082182537935
2022-09-24,3.8114441795675424,3.513037084443018,3.4243347863852684
2022-09-25,3.8880677845627334,3.5307039736644636,2.367230817127146
2022-09-26,4.3542747120615095,4.87576037279878,1.5259606996699118
